applicant_id,name_on_id,dob_on_id,address_on_id
APP0001,LAYLA QURESHI,2000-02-12,"287 AL WASL STREET, SHARJAH, SHARJAH"
APP0002,Xin Wong,2003-03-27,"102 Bukit Timah Road, Singapore, 733057"
APP0003,Ms. Beatriz Oliveira,1956-04-27,"315 Avenida Brasil, Sao Paulo, SP 01344766"
APP0004,Gaurav Banssal,1995-08-30,"248 Market Street, Bengaluru, Karnataka 560188"
APP0005,Ivan Sokloov,1955-11-23,"179 Lenin Avenue, Saint Petersburg, Saint Petersburg 190921"
APP0006,Suresh Bansal,1994-05-19,"265 Shivaji Street, Jaipur, Rajasthan 302655"
APP0007,Neha Joshee,1993-05-23,"370 Lake View Road, Chennai, Tamil Nadu 600185"
APP0008,Isla Hargreaves,1978-12-28,"184 Station Avenue, Manchester, Greater Manchester M16 8GE"
APP0009,Lakshmi Prakash Reddy,1971-09-18,"354 Shivaji St, Kolkata, West Bengal 700638"
APP0010,Jonas Hoffmann,2006-06-17,"422 Gartenweg, Munich, Bavaria 80354"
APP0011,Ritu Ann Pillai,1951-09-04,"264 Station Road, Mumbai, Maharashtra 400515"
APP0012,Manish Malhotra,27/02/1973,"356 Shivaji Street, Mumbai, Maharashtra 400516"
APP0013,Bilal Butt,1982-09-14,"180 Azadi Avenue, Tehran, Tehran 1419092188"
APP0014,Michael Whitaker,1989-07-13,"160 Oak Avenue, Boston, MA 02148"
APP0015,R. M. Bhatt,1999-06-18,"68 Market Street, Nagpur, Maharashtra 440004"
APP0016,ISHA CHOPRA,1951-06-20,"374 STATION ROAD, HYDERABAD, TELANGANA 500872"
APP0017,Deepak Ray Saxena,2000-04-04,"221 Station Road, Nagpur, Maharashtra 440010"
APP0018,Sanjay Rao,1980-02-02,"270 Rose Garden Road, Mumbai, Maharashtra 400413"
APP0019,Parisa Ahmadi,2003-11-09,"147 Azadi Avenue, Shiraz, Fars 7159403720"
APP0020,Folake James Bello,1955-08-18,"446 Marina Road, Abuja, FCT 900501"
APP0021,Omar Lal Siddiqui,03/10/2000,"236 Al Wasl Street, Abu Dhabi, Abu Dhabi"
APP0022,Harsh Anil Bansal,22/08/1998,"29 Gandhi Marg, Jaipur, Rajasthan 302291"
APP0024,Wei Chen,1988-12-02,"5 Nanjing Road, Shenzhen, Guangdong 518297"
APP0025,Neha Gupta,2000-05-19,"207 Ring Road, Kolkata, West Bengal 700237"
APP0026,Reza Hosseini,1977-03-03,"255 Azadi Avenue, Tehran, Tehran 1419922983"
APP0027,Ritu Maie Chopra,1977-11-06,"340 Shivaji Street, Ahmedabad, Gujarat 380244"
APP0028,Deepak Ali Kulkarni,1971-12-17,"349 Market Street, Ahmedabad, Gujarat 380248"
APP0029,Vikram Kumar Bansal,1967-02-09,"305 Lake View Road, Chennai, Tamil Nadu 600115"
APP0030,Isla Thornton,1971-04-06,"282 Church Road, Bristol, Bristol BS7 5BA"
APP0031,Suresh Reddy,2005-11-15,"154 Shivaji Street, Pune, Maharashtra 411858"
APP0032,Sneha Gupta,1978-09-17,"75 Rose Garden Road, Bengaluru, Karnataka 560435"
APP0033,A. R. Rahman,1975-02-18,"268 Sheikh Zayed Road, Dubai, Dubai"
APP0034,Jose Carlos Silva,1985-07-07,"472 Avenida Paulista, Curitiba, PR 80008073"
APP0036,Neha Joshi,1993-05-23,"370 Lake View Road, Chennai, Tamil Nadu 600185"
APP0037,Sneha Patil,1953-04-05,"221 Station Road, Nagpur, Maharashtra 440010"
APP0038,Sanjay Bhatt,1963-05-18,"463 Station Road, Mumbai, Maharashtra 400839"
APP0039,Thomas Sullivan,2002-03-23,"408 Oak Ave, Austin, TX 78763"
APP0040,Mehta Aarav,1953-11-29,"454 Rose Garden Road, Mumbai, Maharashtra 400288"
APP0042,ANANYA ANN CHOPRA,1998-02-17,"282 PARK STREET, AHMEDABAD, GUJARAT 380886"
APP0043,AARAV DESHMUKH,1980-04-16,"339 RING ROAD, MUMBAI, MAHARASHTRA 400669"
APP0044,Deeepak Ali Malhotra,1978-05-10,"237 Nehru Avenue, Ahmedabad, Gujarat 380158"
APP0045,Vikram Bansal,1996-12-12,"318 Park Street, Mumbai, Maharashtra 400893"
APP0046,Rahul Prakash Singh,1972-11-28,"114 Temple Lane, Nagpur, Maharashtra 440336"
APP0047,Neha Malhotra,1953-01-20,"270 Temple Lane, Bengaluru, Karnataka 560464"
APP0048,Jonas Weber,1991-08-08,"490 Gartenweg, Hamburg, Hamburg 20052"
APP0049,Vikram Singh,2009-06-15,"479 Rose Garden Road, Kolkata, West Bengal 700971"
APP0050,Swati Prakash Iyer,2005-05-08,"179 Temple Lane, Mumbai, Maharashtra 400718"
APP0051,Varun Bansal,2006-11-26,"204 Station Road, Chennai, Tamil Nadu 600787"
APP0052,MEI TEO,1956-01-23,"101 TAMPINES AVENUE, SINGAPORE, 027186"
APP0053,James Reed,2003-04-04,"185 Highland Avenue, Austin, TX 78770"
APP0054,Anna Braun,1925-01-20,"13 Bahnhofstrasse, Hamburg, Hamburg 20008"
APP0055,Katrin Braun,1966-03-31,"238 Bahnhofstrasse, Hamburg, Hamburg 20048"
APP0056,Swati Bansal,1961-03-12,"349 Station Road, Kolkata, West Bengal 700940"
APP0057,Hao Devi Zhang,1952-03-31,"1 Renmin Street, Shenzhen, Guangdong 518152"
APP0058,Chinedu Okafor,1983-04-14,"50 Allen Avenue, Abuja, FCT 900627"
APP0059,Yash Lal Meenon,1951-05-11,"73 Park Street, Bengaluru, Karnataka 560744"
APP0060,Rohan James Reddy,1991-07-31,"221 Station Road, Nagpur, Maharashtra 440010"
APP0061,Mariana Ferreira,1983-11-14,"261 Rua das Flores, Curitiba, PR 80059498"
APP0062,Obinna Ray Ogunleye,2002-10-07,"49 Allen Ave, Lagos, Lagos 100856"
APP0063,Rajesh Kumar,1990-07-25,"231 Al Wasl Street, Dubai, Dubai"
APP0064,Priyanka Sharma,1992-11-04,"371 Ring Road, Mumbai, Maharashtra 400188"
APP0065,Hassan Rahman,1953-11-07,"47 Al Wasl Street, Sharjah, Sharjah"
APP0066,Isla Anil Blackwood,1954-01-06,"456 Church Road, Glasgow, Scotland G7 5AD"
APP0067,Mohammed Al-Farsi,1979-01-30,"284 Corniche Road, Sharjah, Sharjah"
APP0068,Rajesh Kumar,1984-03-12,"258 Rose Garden Road, Chennai, Tamil Nadu 600139"
APP0069,Kavita Nair,1989-09-15,"213 Gandhi Marg, Jaipur, Rajasthan 302642"
APP0070,Layla Haddad,1994-10-10,"27 Al Nahda Street, Dubai, Dubai"
APP0071,Elena Prakash Lebedev,1952-07-04,"325 Pushkin Street, Kazan, Tatarstan 420060"
APP0072,Mei Marie Tan,1950-03-07,"487 Orchard Road, Singapore, 426371"
APP0073,Ms. Meera Saxena,2005-01-10,"79 Ring Road, Pune, Maharashtra 411201"
APP0074,Xin Wong,1958-08-25,"190 Jurong East Street, Singapore, 856252"
APP0075,Adeyemi Obinna Marie,1970-04-25,"38 Adeola Odeku Street, Abuja, FCT 900585"
APP0076,K. A. Pillai,1998-12-04,"112 Nehru Avenue, Mumbai, Maharashtra 400179"
APP0077,Sophia Rose Carter,1997-11-02,"238 Sunset Boulevard, Denver, CO 80252"
APP0078,Amelia Marie Whitfield,1968-08-16,"490 Church Road, Glasgow, Scotland G4 1GF"
APP0079,Dmitri Petrov,1975-09-09,"289 Sadovaya Street, Saint Petersburg, Saint Petersburg 190880"
APP0080,Gaurav Jaems Kulkarni,1983-08-15,"281 Temple Lane, Kolkata, West Bengal 700943"
APP0081,Kavita Choopra,1987-10-08,"94 Rose Garden Road, Nagpur, Maharashtra 440088"
APP0082,Harsh Chopra,1951-03-19,"221 Station Road, Nagpur, Maharashtra 440010"
APP0083,Freya Fenwick,04/04/1957,"222 King Street, Manchester, Greater Manchester M2 1EB"
APP0084,Gaurav Menon,1993-04-29,"221 Station Road, Nagpur, Maharashtra 440010"
APP0085,Kai Teo,1957-05-01,"22 Orchard Road, Singapore, 297705"
APP0086,Sergei Volkov,1981-05-17,"436 Tverskaya Street, Moscow, Moscow 101778"
APP0087,Karan Lal Saxena,1999-08-12,"420 Park St, Jaipur, Rajasthan 302585"
APP0088,Sophia Miller,1952-08-07,"185 Highland Avenue, Austin, TX 78710"
APP0089,Harry Blacwkood,1954-04-01,"47 Victoria Street, Glasgow, Scotland G7 9AA"
APP0090,HANNAH FOSTER,2001-04-24,"40 OAK AVENUE, AUSTIN, TX 78720"
APP0091,Amit Verma,1969-06-21,"414 Nehru Avenue, Kolkata, West Bengal 700804"
APP0092,Sullivan Ethan,1966-11-02,"34 Elm Street, Boston, MA 02192"
APP0093,SANJAY SAXENA,1973-01-28,"84 ROSE GARDEN ROAD, PUNE, MAHARASHTRA 411316"
APP0094,Vikram Rao,1975-09-06,"211 Temple Lane, Ahmedabad, Gujarat 380452"
APP0095,Ahmed Khan,1986-02-19,"68 Canal Road, Islamabad, ICT 44016"
APP0096,Divvya Nair,1969-06-14,"88 Temple Lane, Jaipur, Rajasthan 302611"
APP0097,Aarav Bansal,1958-01-07,"211 Market Street, Pune, Maharashtra 411426"
APP0098,George Ali Whitfield,1975-09-03,"285 King Street, Glasgow, Scotland G7 2EE"
APP0099,Ethan Kumar Millr,1985-07-15,"337 Oak Avenue, Seattle, WA 98131"
APP0100,Harsh Josih,1992-07-22,"90 Temple Lane, Chennai, Tamil Nadu 600812"
