name,country,reason
Emeka Nwankwo,Nigeria,Cybercrime
Chen Wei,China,Cybercrime
Muhammad Al Farsi,United Arab Emirates,Terrorism Financing
Kim Sung-min,North Korea,Sanctions
Sunil Bhandari,India,Tax Evasion
Petrov Dmitri,Russia,Sanctions
Reza Hoseini,Iran,Sanctions
Ivan Kozlov,Belarus,Sanctions
Kavita Lakshmi Nair,India,Fraud
Sergey Volkov,Russia,Sanctions
Fernando Duarte,Venezuela,Politically Exposed Person
Marco Bellini,Italy,Money Laundering
Priyanka Sarma,India,Money Laundering
Ahmad Khan,Pakistan,Terrorism Financing
Layla Hadad,Lebanon,Sanctions
Kelvin Adebayo,Nigeria,Fraud
Tariq Mansoor,Syria,Terrorism Financing
Hamid Rostami,Iran,Sanctions
Amit Verma,India,Politically Exposed Person - Corruption
José Silva,Brazil,Corruption
Rakesh Tiwari,India,Corruption
Hussein Darwish,Iraq,Terrorism Financing
Viktor Orlov,Russia,Sanctions
Samuel Ortega,Mexico,Human Trafficking
Anastasia Belova,Russia,Arms Trafficking
Rajesh Kumarr,India,Fraud
Zhang Lihua,China,Adverse Media
Chinedu Okafor,Nigeria,Money Laundering
Jonas Weber,Austria,Tax Evasion
Ravi Shankar Dube,India,Money Laundering
